Tweet,Sentiment,Subcategory
Hey ya'll. Looking to a hire a car from 27/12-31/12. Can anyone help a sister out? Needing it in Brisbane to Gold Coast area,Neutral,Transportation Services
Just saw the commercial and IDêd the problem. Tacky arrives by plane and hire car on the Gold Coast.  #InstantHotelAu,Neutral,Transportation Services
"BOOK NOW or Call Us 1300 720 254 for more information.#GoldCoastlimohire #sightseeingtour #limohire #luxurycarhire",Positive,Transportation Services
Iêm up on the Gold Coast for a little break and itês already at that price. And now I have to fill up the hire car __,Neutral,Transportation Services
"There are so many sights to see, why sacrifice any. Hire a car, and drive away.https://www.surfersrentacar.com.au/cheap-car-hire-gold-coast/ „#carhire #goldcoast",Neutral,Transportation Services
Cheap 8 Seater Car Hire Gold Coast _ Airport Pickup And Dropoff https://tradeflights.com/cheap-8-seater-car-hire-gold-coast-airport-pickup-and-dropoff/ „,Neutral,Transportation Services
Hire a Luxury Car to Make Your Gold Coast Hen&#39;s Party Memorable #limo #rentals,Positive,Transportation Services
Travel: Benefits of Gold Coast Airport Car Hire http://wp.me/p28dzr-1Xl  #blog,Neutral,Transportation Services
"With us you pay much less for car hire, leaving you more money to spend on food, gifts, and other adventures in the beautiful Gold Coast.",Positive,Transportation Services
Jump in the car and head down to one of the many theme parks on the Gold Coast with a hire car from Five Star Car Rental.,Positive,Transportation Services
Cheapest Car Hire Gold Coast Airport - 8 SEATER Car Hire: http://youtu.be/XsatYkpezxI?a  via @YouTube,Neutral,Transportation Services
Anyone recommend car hire on Gold Coast ?,Neutral,Transportation Services
"Car Hire Gold Coast, Book No.1 Gold Coast Airport Car Rental - https://goo.gl/iHabQX  #goldcost #Airport",Neutral,Transportation Services
Budget Car Hire Gold Coast - PH:+61 414 256 619 - Airport Pickup/Dropoff http://www.accr.com.au/bargin-car-rentals.html „,Neutral,Transportation Services
I added a video to a @YouTube playlist http://youtu.be/u9sdsSQf4pI?a  Gold Coast Airport Car Hire,Neutral,Transportation Services
"We're looking to hire a car when we're in Gold Coast, should we book it now or just hire one when we arrive?",Neutral,Transportation Services
Stranded on the goldcoast because the fucking carhire company won't accept the same card I payed for the car hire with for security deposit.,Negative,Transportation Services
"Looking for car or moped scooter hire during your trip to the Gold Coast? All Age Car Rentals has you, regardless... http://fb.me/1qit8tAGJ ",Neutral,Transportation Services
Broadbeach Bargain Car Rentals provide excellent quality and service for all your car hire needs on the Gold Coast!,Positive,Transportation Services
8 Seater Car Hire Gold Coast _ +61 414 256 619 _ Cheap Rental Car http://tradeflights.com/8-seater-car-hire-gold-coast-61-414-256-619-cheap-rental-car/ „,Neutral,Transportation Services
Best Car Hire Gold Coast Airport http://freeindexdirectory.com/en/listings/best-car-hire-gold-coast-airport/ „,Neutral,Transportation Services
"Heading to the Gold Coast and need car hire? Thrifty Car Rentals offer a range of vehicles from small to family...",Negative,Transportation Services
"Surfers Paradise, Gold Coast, Transfers by Black Bow Chauffeur Australia http://blackbow09.livejournal.com/8580.html ",Negative,Transportation Services
"Brisbane, Gold Coast, Byron Bay airport limousine transfer services. - Black Bow Chauffeur, Brisbane Traveller... http://fb.me/1Mb6lzT3K ",Negative,Transportation Services
"Hire a party bus Brisbane, Gold coast, Sunshine coast- transport nightclub Melbourne: Black Bow Chauffeur",Negative,Transportation Services
"Sussan Ley billed taxpayers for a flight, chauffeur and hotel stay on SAME DAY she bought Gold Coast investment unit http://www.dailymail.co.uk/news/article-4090018/Health-Minister-Sussan-Ley-billed-taxpayers-flight-chauffeur-hotel-stay-DAY-bought-Gold-Coast-investment-unit.html ",Neutral,Transportation Services
"Racing guru Rod Gallegos tips for the Gold Coast - Race 4 #7 Cramming, Race 6 #9 Testashadow, Race 8 #4 Chauffeur",Neutral,Transportation Services
"@IAmLindsayJones @AH_Michael Next time AH & RT come up to the Gold Coast and you need an Uber to get around, I'll happily be the chauffeur!",Positive,Transportation Services
Then and now Chauffeur (Snitzel-Mirror Mirror) $1.6 million sale topper on Gold Coast in January Winning Rosehill debut today (S Hart pic) ,Positive,Transportation Services
Goldcoast airport to Brisbane | Black Bow Chauffeur Blogs ,Negative,Transportation Services
Good to see blue sky on our holiday!! #wetnwild #notwet #chauffeur #tuckshop #goldcoastÑ https://www.instagram.com/p/BZz_-bvndqZ/_,Positive,Transportation Services
"Black Bow Chauffeur Luxury, Affordable Transfer Services https://blackbow09.livejournal.com/17531.html_ #tripadvisor #brisbane #goldcoast #australia #awards",Neutral,Transportation Services
2017 stretch limousine 10 passengers + chauffeur #ourgoldcoast #goldcoast #weddingÑ https://www.instagram.com/p/BYAyZ70DBg8/_,Neutral,Transportation Services
Daimler majestic major 1967 classic stretch 6 passengers + chauffeur #ourgoldcoast #goldcoastÑ https://www.instagram.com/p/BYAxA84DCzl/_,Neutral,Transportation Services
Rolls Royce 1948 silver dawn 4 passengers + chauffeur #ourgoldcoast #goldcoast #weddingÑ https://www.instagram.com/p/BYAwd9MjAMp/_,Neutral,Transportation Services
I just published _Gold coast airport private transfers available at Economical prices| Black Bow Chauffeurî ,Neutral,Transportation Services
"Hollywood Stunts Show, Warner Bros. Movie World, Gold Coast transfer by Black Bow Chauffeur: http://youtu.be/2pI-UU7vAbg?a_ via @YouTube",Neutral,Transportation Services
Hire airport transfer from brisbane to gold coast http://buff.ly/2tT3xof_ @ Black Bow Chauffeur https://www.instagram.com/p/BWhstDZlOdv/_,Neutral,Transportation Services
Would you spend the night at the worldês first sandcastle hostel on Australia's Gold Coast? #adelmanvacations,Neutral,Second class accomadation
living the high life __ em Gold Coast Hostel https://www.instagram.com/p/BbW0rK0n6_q38S0M4pNIcwkXTse9hHtXl4htAM0/ —,Positive,Second class accomadation
Anyone here knows the name of the hostel where KT stayed in Gold Coast Australia for Tame Tabi before?,Negative,Second class accomadation
The hostel on Australia's Gold Coast that's made from SAND http://dailym.ai/2xdoxrv  via http://dailym.ai/android ,Neutral,Second class accomadation
Massive brawl outside my hostel. Nice one Gold Coast. I don't think I'll be able to sleep now.,Positive,Second class accomadation
"Our #MCM comes from @hostelworld, who have created the worldês first Çsand hostelê on the Gold Coast, Australia: https://www.architecturaldigest.com/story/worlds-first-sand-hostel-opens-on-australias-gold-coast —",Neutral,Second class accomadation
"#GoldCoast - Backpackers & travellers wanted!! no cold calling, $1000+ per week, daily prizes, fun team parties! at The Global Work & Travel Co. http://dlvr.it/Q0fW4b   #Backpacker #Jobs",Positive,Second class accomadation
Travel the Gold Coast on a Budget _ Backpacker Accommodation http://taviawk.com/2017/06/11/travel-the-gold-coast-on-a-budget-backpacker-accommodation/ —,Neutral,Second class accomadation
Gold Coast I'm coming at ya!! #travel #backpacker #backpackerlife #travelblogger #goldcoast #australia,Neutral,Second class accomadation
On the panel with backpackers at the Australian Backpacker Industry Conference on the #GoldCoast right now! Interesting backpacker insights!,Positive,Second class accomadation
"FREE ADMISSION 9/23:- PAMM- HistoryMiami Museum- Gold Coast Railroad Museum- Coral Gables Museum- Lowe Art Museum",Positive,Culture & Tradition
I have one free day when I'm up Gold Coast - should I take a 2hr train to Brisbane for the art gallery???,Positive,Culture & Tradition
Failed finalists for a $2m art installation greeting visitors along the M1 to the Gold Coast have been revealed http://www.goldcoastbulletin.com.au/news/council/finalists-for-the-2-million-gateway-project-signs-revealed-and-it-includes-the-pink-poodle/news-story/df10eebf80fa27a174308381ddb1b3da —,Negative,Culture & Tradition
All architecture is great after sunset; perhaps architecture is really a nocturnal art ~ G. K. Chesterton #waterpoint #residences #sunset #lighting #colours #instagood #photoftheday #summer #beautiful #architecture #design #modern #timeless #urban #luxury #goldcoast #lifestyle,Positive,Culture & Tradition
"Where would you go right now??#food #cafe #restaurant #hungry #goldcoast #cuisine",Positive,Culture & Tradition
Stellar cuisine & disarming tranquility. Read about Songbirds Rainforest Retreat: http://bit.ly/2bBQoHV  #goldcoast,Positive,Culture & Tradition
"Like and share if you tried Tabouli!#foods #salads #vegetarian #goldcoast #arabian #cuisine ",Neutral,Culture & Tradition
"5 stars from Google user James! ""Best #dimsum on gold coast, and very #authentic Cantonese cuisine!"" #love #customerappreciation",Positive,Culture & Tradition
#GoldCoast foodsmiths give #aussie cuisine classic a twist http://bit.ly/1OLoGFt ,Positive,Culture & Tradition
An amazing design representing our culture and at same time is the manifestation of Gold Coast spirit,Positive,Culture & Tradition
Today near the dreaming mountain Jellurgal on the Gold Coast our National Sales Manager learnt all about aboriginal culture #CW17,Positive,Culture & Tradition
"Its 9 Days to the Biggest Celebration of #AkwaIbom People, Culture & Heritage in the Gold Coast of #Ghana #AkwaIbomToTheWorld #IbomFiestaGH",Neutral,Culture & Tradition
"A perfect place to finish the hard day.#VolumeVision #3drender for an exceptional development on Mermaid Beach, Gold Coast.#volumevision #cgi #3d #archviz #design #propertymarketing #3dvisualisation #archiecturalvisualisation #3drendering #australianarchitecture",Positive,Scenic
From Bournemouth beach to Australia's Gold Coast. The Beach Volleyball players ready to represent England at the commonwealth games. ,Positive,Scenic
Accommodation Close to Nerang Mountain Bike Trails Gold Coast - https://www.booktoday.com.au/travel/accommodation-close-to-nerang-mountain-bike-trails-gold-coast/admin —,Neutral,Scenic
"Going gold in Gold Coast _Take in Queensland's natural beauty from Tamborine Mountain. This golden destination is just a one-hr road trip away from @CapriByFraserBrisbane! Ready to plan a trip down? http://brisbane.capribyfraser.com/ ",Positive,Scenic
Explore the Gold Coastês Tamborine Mountain with a walk along the Rainforest Skywalk! http://pelicansands.com.au/tamborine-rainforest-skywalk-gold-coast/ — #tamborine #goldcoast ,Neutral,Scenic
I'd say do Bathurst if you want to see the best of our tracks. Gold Coast is nice but the mountain is highest level awesome,Positive,Scenic
When you get to finish your days work running in your favourite mountain on the Gold Coast— https://www.instagram.com/p/Baa7-h5AfMB/ ,Positive,Scenic
"#GOLDCOAST Fire Services (Weather related) Incident Knoll Rd ,TAMBORINE MOUNTAIN",Neutral,Scenic
"Tambourine Mountain is near the Gold Coast, maybe a musical theme could be used?",Positive,Scenic
"Pizzey Parks magical looking forest, Gold Coast, Australia. Image by Instagrammer @MattzPixz #GoldCoast #Australia #Forest ",Positive,Scenic
Roads closed as police scour Gold Coast forest for armed carjacker: http://www.9news.com.au/national/2016/08/28/13/32/police-hunt-for-two-men-after-armed-carjackings-on-the-gold-coast/?ocid=9newstw — #9News,Negative,Scenic
"Eco-cottages & wallabies in the forest of South Stradbroke Island (Couran Cove Resort), a ferry ride from the Gold Coast. I could live here__ ",Positive,Scenic
Go green this weekend and explore the Gold Coast Hinterland rain forest! __ #thisisqueensland #wearegoldcoast #GC2018 http://bit.ly/2w7GjON ,Negative,Scenic
"Gold Coast or cairns. Gold Coast is a good mix of beach and city, but cairns bc I fell in love with the rain forest",Positive,Scenic
"My Trip to the Gold Coast Railroad Museum@Steemit#Railroad #Australiahttp://buff.ly/2nZ5Lhe ",Neutral,Exhibition entertainment
"Gilltrap's museum gold coast qld #australia #vintage #collector souvenir spoon (3, LINK:http://www.zeppy.io/product/us/2/321752015609/ —",Neutral,Exhibition entertainment
Gold Coast #Australia Women Of The Waves http://surfworldgoldcoast.com/?p=2002   #womenssurfing Tonight @ Surf World Museum,Neutral,Exhibition entertainment
The Gold Coast Wax Museum in Surfers Paradise is Australia's largest Museum of its kind! ,Positive,Exhibition entertainment
Amy in Gold Coast City Queensland Australia defends Yugambeh Museum Language and Heritage Research Centre at WomTown  >> Biz promo FREE,Positive,Exhibition entertainment
#Tech #GoldCoast Virtual reality helps David Attenborough works come to life at National Museum of Australia ,Neutral,Exhibition entertainment
Gold Coast museum in Australia imports Çworldês oldest surfboardê from Peru http://bit.ly/1SxIj5L ,Neutral,Exhibition entertainment
FREE local listing for >> Queensland Maritime Museum >> a Local Services biz in Gold Coast City Queensland Australia. http://vegaswom.com/u.php?w=139616&i=75416&b=52865&r=66690& —,Neutral,Exhibition entertainment
Caroline in Gold Coast City Queensland Australia entrusts Queensland Maritime Museum at WomTown  >> Biz owners,Neutral,Exhibition entertainment
Blake in Gold Coast City Queensland Australia favors Queensland Museum   Sciencentre at WomTown  >> Market your biz,Neutral,Exhibition entertainment
FREE exposure for >> Queensland Museum   Sciencentre >> a Local Services biz in Gold Coast City Queensland Australia. http://vegasvirtualconvention.com/u.php?w=139321&i=73711&b=52865&r=42682& —,Neutral,Exhibition entertainment
Gold Coast Australia.   Surf museum. http://instagram.com/p/msdGIEseVi/ ,Neutral,Exhibition entertainment
#waxmusuem #goldcoast #surferparadise #australia #michaeljackson @ Wax Museum http://instagram.com/p/dq7BrStlh9/ ,Neutral,Exhibition entertainment
Off to Ripleys museum today. #GoldCoast #Australia #Ripleys,Neutral,Exhibition entertainment
Gold Coast City Gallery wins at the Museums Australia Museum and Galleries National Awards. In the category of... http://fb.me/PfjmOiRi ,Positive,Exhibition entertainment
"Cheap Gold Coast Holiday, QLD, Australia: Gold Coast Attraction at the Wax Museum Surfers Pa... http://www.cheapgoldcoastholiday.com/2011/09/gold-coast-attraction-at-wax-museum.html?spref=tw —",Neutral,Exhibition entertainment
Visited the Metropolitan Museum of Art store on the Gold Coast Australia today.  Lovely little slice of New York in Queensland!,Positive,Exhibition entertainment
Polar Bear cub Mishka at Sea World theme park on Queensland's Gold Coast #photography  #photooftheday #polarbear #Australia ,Negative,Exhibition entertainment
"Springbrook National Park, Gold Coast Hinterland, QLD, Australia ",Neutral,Exhibition entertainment
Jordi has sent us this amazing pic from National Park (Gold Coast - #Australia)! __ Isn't it wonderful? __#wanderlust #carpediem #nomadizers,Positive,Exhibition entertainment
Just Pinned to Australia: 10 things to do Gold Coast for kids. Australiaês amusement park capital is a barrel of f— http://ift.tt/2wG9msm ,Neutral,Exhibition entertainment
"Songcheng groupês 1st theme park outside China is on track to open on the Gold Coast in Australia within 3 yearshttp://ow.ly/2B6w30duize ",Neutral,Exhibition entertainment
"#Cassowary #bird looking up at ME #Fleays Conservation Park #West #Burleigh Gold Coast #Australia #YourWORLDaccordingtoME #Edridge #photo",Neutral,Exhibition entertainment
Gold Coast theme park to unveil Australiaês fastest ride http://hallscreekherald.com/2017/08/13/gold-coast-theme-park-to-unveil-australias-fastest-ride/ —,Neutral,Exhibition entertainment
Dreamworld Theme Park at the Gold Coast Australia. Check Alex and Aedans Day: http://youtu.be/MCqfpddYvMs?a  via @YouTube,Neutral,Exhibition entertainment
"Candid action shot with dolphin __ @ Sea World Resort & Water Park - Gold Coast, Australia https://www.instagram.com/p/Bb8Au3ul8Pd/ ",Positive,Exhibition entertainment
"__50% Off Sea World Hot Deal__Grab the kids & escape to Australia's ONLY theme park resort on the Gold Coast &... ",Positive,Exhibition entertainment
"@NUFC one of my mates from Australia is at the game today, any chance of a half time mention for Peter Lowrey, from Gold Coast Australia in St Jamesê park today",Neutral,Exhibition entertainment
"The Currumbin Wildlife Sanctuary located on the iconic Gold Coast, is one of South-East Queenslandês greatest natural exhibits on offer....",Positive,Exhibition entertainment
"AGCSA Conference and Show in Gold Coast , Australia. Great educational pgm and exhibits on show floor http://twitpic.com/1zgejp",Positive,Exhibition entertainment
"Impressed by the depth and variety of exhibits at Surf World Gold Coast in currumbin, great outing on a quiet day!",Positive,Exhibition entertainment
"In another incredible act of fashion synchronicity, Linda Stoddard, VP of Exhibits at Gold Coast Watercolor Society looks wonderfully coord— ",Positive,Exhibition entertainment
Had a really fun time at the Gold Coast Brick Event. These exhibits were amazing! #lego— https://www.instagram.com/p/BZPn_FEA1qy/_,Positive,Exhibition entertainment
Visit this unique #GoldCoast surf museum & discover fascinating exhibits of surfing memorabilia at #SurfWorld. http://bit.ly/2d0xNpJ_ pic.twitter.com/77frWSKxWa,Positive,Exhibition entertainment
#Tech #GoldCoast Australian artist Mike Parr exhibits 50 years of provocative art ,Neutral,Exhibition entertainment
"Gold Coast Marine Expo has one of the largest, if not the largest exhibits in Australia catering for all enthusiasts https://lnkd.in/eYjQz_S ",Neutral,Exhibition entertainment
#Tech #GoldCoast Nintex Exhibits at 2015 Microsoft Australia Partner Conference http://dlvr.it/BxkPZt ,Neutral,Exhibition entertainment
A bit of sparkle for the Gold Coast Show. Arts & Crafts exhibits finished and dutifully delivered. ,Neutral,Exhibition entertainment
The Frontier Members Pre-sale is now running for @BryanAdams' first ever Bribie Island and Gold Coast shows! http://frontiertouring.com/bryanadams ,Positive,Exhibition entertainment
Talent with out hard work is like a Porsche with out petrol #entrepreneur #startup #galleries #GalleryOne #GoldCoast #painting,Negative,Exhibition entertainment
Gold Coast's Top 3 Art Galleries #art #artist #artgallery #artwork https://www.top3gc.com/best-art-gallery-gold-coast/ —,Neutral,Exhibition entertainment
Gold Coast Show Grounds Amusement Galleries ,Neutral,Exhibition entertainment
"Humpback Whale, mother & calf Animals & nature galleries http://buff.ly/1qkMu4y  #Goldcoast #Queensland",Neutral,Exhibition entertainment
7 surprising art galleries on the Gold Coast #Australia http://ow.ly/kPa830beZuk ,Positive,Exhibition entertainment
Event dates are here #art http://www.psas.com.au/pages/now_and_future/another_antipodes/ — #Perth #Galleries #SydneyOperaHouse #Queensland #GoldCoast #Canberra #tasmania #economy,Neutral,Exhibition entertainment
Galleries - Gold Coast World #triathlon Women https://disci.smugmug.com/Sports/Triathlons/2017-Gold-Coast-Women-World-Triathlon-Photos/ — Men https://disci.smugmug.com/Sports/Triathlons/2017-Gold-Coast-Mens-World-Triathlon-photos-WTS-ITU/ — Fb https://www.facebook.com/media/set/?set=a.10208733451283499.1073741882.1528487094&type=1&l=d8d60701cc — #WTSGoldCoast,Neutral,Exhibition entertainment
"Had a beauty day in Surfers with my mom and family. Great street theatre, lunch and entertainment. #GoldCoast",Positive,Live entertainment
Gold Coast council owes me an apology for that disappointment of a firework display,Negative,Live entertainment
Getwhatever.com  Gold Coast Marathon 2015 Results Men s and Women s Top Finishers. Police Man Dead After Setting Firework Off on T,Positive,Live entertainment
Thank you Gold Coast City Council for such a great firework display  excellent way to farewell the old year and welcome 2013!!,Positive,Live entertainment
party at surfer paradise gold coast.. the biggest firework in queensland tonight.. Wohoo,Neutral,Live entertainment
Amazing firework in surfers paradise Beach in Gold coast. Happy new Year semuanyaa..,Positive,Live entertainment
Firework Display at Gold Coast Show!! http://instagram.com/p/drJLw_SBrd/ ,Neutral,Live entertainment
"VIDEO Firework at Golden Palm Tree, Sepang Gold Coast: http://youtu.be/zFiZveKoqb4 ",Positive,Live entertainment
"#Firework at #Southport Broadwater Parklands by  City of Gold Coast#Southport#GoldCoastProperty ",Neutral,Live entertainment
Happy New Year eveyone! It's already new year in Gold Coast :) The firework is amazing and the people is fun and hot!love here :D,Positive,Live entertainment
Goldcoast #Nye #firework #surfersparadise #Southport goodnite n welcome 2015,Positive,Live entertainment
Storms held off and we got a free firework show from the balcony #fireworks #goldcoast #australia— http://instagram.com/p/h5iVdhhWzF/ ,Positive,Live entertainment
The video I took of the Gold Coast firework @ Surfer's Paradise here 2 hrs ago http://www.twitvid.com/YJFW1 :),Positive,Live entertainment
New Year's Eve preparations are in full swing on the Gold Coast. Your guide to firework displays here. @MargaretDekker #7News,Positive,Live entertainment
Unexpectedly I saw my friends from Gold Coast in Brisbane tonight!! Brissy has huge firework— https://www.instagram.com/p/BZqpmcfgoVT/ ,Positive,Live entertainment
Seafire firework show on surfers paradise beach last night #SEAFIRE2017 #goldcoast @GC2018 @myGoldCoast #fireworks @GCBulletin,Neutral,Live entertainment
"Roads to be closed as 30,000 people flock to Surfers for firework spectacular http://zpr.io/Pk5aE  #GoldCoast ",Positive,Live entertainment
"Did you have a magical #Australiaday? ____Looking forward to meet new #Aussies on the #GoldCoast, watch the firework and celebrate together.",Positive,Live entertainment
"Midnight New Year's Firework's 2017 Surfers Paradise, Gold Coast  Australia https://youtu.be/xvl0J4bKadU  via @YouTube",Positive,Live entertainment
20 000 firework shells are ready to hit the Gold Coast skyline tonight for New Years Eve celebrations @9NewsGoldCoast,Positive,Live entertainment
Queenslanders will say goodbye to 2016 with multiple firework displays in Brisbane and on the Gold Coast. http://dlvr.it/MzZ2Jm  #ausnews,Neutral,Live entertainment
Firework's time!!!!! #sufersparadise #goldcoast #nye2015 #byebye2015__2016 @ Surfers Paradise Beach https://www.instagram.com/p/_87G5qGREF/ ,Neutral,Live entertainment
A fire caused by a stray firework almost turned into a disaster at tobacco tycoon Travers Beynon's extravagant party at his Gold Coast,Neutral,Live entertainment
http://www.hoofdnieuws.nl  Travers Beynonês Gold Coast party almost turns to disaster after firework starts a fire http://dlvr.it/CwlTCF ,Negative,Live entertainment
Gold Coast show was rather fun. #firework #frozen #sing #goldcoastshow #cinema #codesisintown https://instagram.com/p/69hXD0yye9/ ,Positive,Live entertainment
"Firework finale from bedroom window __#fireworks #reflection #waterreflection #goldcoast— https://instagram.com/p/67JUzEIHU6/ ",Neutral,Live entertainment
http://www.Getwhatever.com  Man dies after shooting off firework from top of his head police say. Top. Gold Coast Marathon 2015 Results Men s,Positive,Live entertainment
Getwhatever.com/eauction/  Man dies after shooting off firework from top of his head. Gold Coast Marathon 2015 Results Men s and W,Positive,Live entertainment
Getwhatever.com/eauction/  Top. Gold Coast Marathon 2015 Results Men s and Women s Top Finishers. Police Man Shoots off Firework F,Positive,Live entertainment
"Happy face firework :)#happy #face #smile #smiley #firework #surfersparadise  #goldcoast https://instagram.com/p/1nMvHaIHQk/ ",Positive,Live entertainment
Firework finale to City of Gold Coast's Chinatown celebrations. #GCchinatown http://fb.me/1v2Cfgny3 ,Neutral,Live entertainment
Happy New Year 2015 !! #Goldcoast #firework #NYE #surfersparadise #beach #colourful #beautiful #best http://instagram.com/p/xRlRSvt7R1/ ,Positive,Live entertainment
#countdown begins #Australia #Goldcoast #surfersparadise #firework ,Neutral,Live entertainment
"New Year's Eve Firework events across the Gold CoastAll taking place (obviously!) Wed 31st DecemberBroadbeach... http://fb.me/2uPFps35S ",Positive,Live entertainment
"See out the year with a free concert,  activities & firework display Paradise Point http://www.weekendnotes.com/new-years-eve-concert-paradise-point/ — #fireworks #goldcoast #NYE2014",Neutral,Live entertainment
"Firework finale __#fireworks #night #finale #surfersparadise #goldcoast #pretty http://instagram.com/p/w30hRFIHQY/ ",Positive,Live entertainment
"""...baby, you're a firework. Come on let your colors burst..."" #jump #kirra #beach #qld #gc #goldcoast— http://instagram.com/p/uCqopINkS1/ ",Neutral,Live entertainment
Man charged with possession of a baton and firework after police chase on M1 overnight. #GoldCoast #Newsfeed http://goo.gl/jda5a4 ,Neutral,Live entertainment
That's a wrap.. until next year...   watching the firework at Gold Coast Show http://fb.me/70a6O14Mc ,Neutral,Live entertainment
he went to gold coast same time we did so his family and mine met up for firework thing and I didn't expect to SEE WEED HAT,Neutral,Live entertainment
HAPPY NEW YEAR FROM GOLD COAST ____ // The whole firework lasted for 9mins and there was a spontaneous— http://instagram.com/p/ilv6Tai9pp/ ,Positive,Live entertainment
The 8 o'clock firework view from the penthouse #firework #newyearseve #nye #goldcoast #pretty #beach— http://instagram.com/p/ilkN3SB9TT/ ,Neutral,Live entertainment
"If you are a magic lover on the Gold Coast, then don't miss out on seeing Circus of Illusion now in Southport. Tickets from $29... ",Positive,Live entertainment
#News #GoldCoast Push on to reinstate ban on circus animals performing on Gold Coast City Council-owned properties ,Neutral,Live entertainment
Circus Of Illusion opens tonight on the Gold Coast! http://fb.me/zq1qVQCa ,Neutral,Live entertainment
"Gold Coast Followers......__CIRCUS STARS__CIRCUS TRAINING FOR KIDS ON THE  AUTISM SPECTRUM.....__Kim http://fb.me/5eO0B5Zbg ",Neutral,Live entertainment
Forest gods filling my secret spot with rain for some rad #straps and #circus #goldcoast #australia #travel #CirqueDuSoleil #toruk,Negative,Live entertainment
WATCH: Get a sneak peek of the quirky circus show hitting the GC this week! http://zpr.io/PFiWm  #GoldCoast ,Neutral,Live entertainment
"Cast chaos at 'Blanc de Blancs', Gold Coast tonight. Some incredible, saucy acts. Tipsy circus at its best. #blancshow #circus #spiegeltent",Positive,Live entertainment
Since Tuesday Ive been working with emerging artists in the gold coast for Circus Corridor's incubator program..! ,Neutral,Live entertainment
Circus Stars Jan school hol wkshops & Term 1 2018 #circusstars #autismawareness #autismtherapy #autismkids #goldcoast #creativegold  #circus ,Neutral,Live entertainment
"Gold Coast council animal circus ban!http://us4.campaign-archive1.com/?u=49be60bd0cc5154fbb09720b1&id=4f7ed468df&e —",Negative,Live entertainment
"Imagine the circus during this season.Fair chance Gold Coast finish bottom next year.",Positive,Live entertainment
A Magistrate has sentenced a Gold Coast man to 3 months behind bars for his actions during a brawl outside a Broadbeach nightclub. #7News,Negative,Live entertainment
I am in a nightclub.... At 11.42pm on the Gold Coast.... Please send help.,Neutral,Live entertainment
"Gold Coast nightclub rips of Britney Spears, Bieber, #ACDC, cops $115k bill - Gold Coast Bulletin ",Neutral,Live entertainment
"Today: pedestrian dies after crash near Gold Coast casino, three injured in nightclub stabbing, 25 years since #RodneyKing #Rjnow",Negative,Live entertainment
The brothers. #tbt @ SinCity The Nightclub Gold Coast https://www.instagram.com/p/BTY7Cw9FCGS/ ,Neutral,Live entertainment
"The big weekends keep coming at the Gold Coast premier night club PLATINUM NIGHTCLUB BroadbeachFriday Night:... http://fb.me/1obkbccUv ",Neutral,Live entertainment
"I've seen plenty of drunk women doing stuff, going home with plenty of sex buddies in Gold coast, dons night club at Alan Bond Uriatory etc. So don't try to act like yews are Virgin Marys having such a hard time in this vulgar world yews created saying it's 4 women's freedom.",Negative,Live entertainment
Finally back in Gold Coast.. Tonight.. Melbas nightclub.. set time 1-2am with My boy @Rojdar_ ______ #SkooliesVIP,Neutral,Live entertainment
About last night ____ #sincity #surfersparadise #goldcoast #vibes #energy @ SinCity The Nightclub— https://www.instagram.com/p/Bb8OiFWBiDr/ ,Neutral,Live entertainment
"Today: Gold Coast, Australia - Nov 25 at East Nightclub ",Neutral,Live entertainment
"ALL THAT GLITTERS: Superstar rapper Drake's under-the-radar Gold Coast trip, Billy Cross' big loss, a Meter Man/Maid match made on Tinder and a nightclub gone bust...Here's the latest Glitter Strip gossip in our new column ",Positive,Live entertainment
Former Finks bikie had knuckledusters at Gold Coast nightclub http://ift.tt/2zaUbdr ,Neutral,Live entertainment
Announcing a international artist that I am hosting today in concert for not only a Brisbane but Gold Coast show... http://fb.me/1k5Ts6WH3 ,Neutral,Live entertainment
"rt to be in a gc if you live near brisbane/gold coast- any fandom preferably dnp, troye- used to be a gc for troye's brisbane concert",Positive,Live entertainment
I did think about live streaming Deltas Gold Coast concert on Friday night but I didnt want 2 ruin it 4 anyone going to the Newcastle one ____,Positive,Live entertainment
1st time ever Concert happened in #GoldCoast Thanks 4dis Luv&Honor Now Sat.14th Oct in #Brisbane 0431871002 &Sun 15th Oct #Sydney 0424220017,Positive,Live entertainment
We're reminiscing on last week's incredible global concert series for #refugees. These pics are from the secret Gold Coast gig! #giveahome,Positive,Live entertainment
The Townês summer concert series is coming to a close so donêt miss out on the Gold Coast Orchestra at 1 p.m. at North Hempstead Beach Park ,Neutral,Live entertainment
"Jerry Garcia & @David_Grisman | Gold Coast Concert Bowl | August 25th 1991Photo: Susana Millman ",Neutral,Live entertainment
"26 years ago today:Garcia/Grisman at Gold Coast Concert Bowl, Squaw Valley, CA",Neutral,Live entertainment
"BB FACTORY has a show on 2017-10-21 at 16:00 @ Twin Towns Services Club in Gold Coast, QLD https://www.reverbnation.com/q/72r03p  #concert",Neutral,Live entertainment
Ann Hampton Callaway: DIVA POWER presented by Gold Coast #Jazz Concert Series #MiamiArtGuide #AnnHamptonCallaway #Broward #BrowardCenterForThePerformingArts #Concerts #ConcertsPresentations #GoldCoastJazz https://www.miamiartguide.com/ann-hampton-callaway-diva-power-presented-by-gold-coast-jazz-concert-series/ —,Neutral,Live entertainment
Thatês an awesome photo of you Peter __ your concert on the Gold Coast Australia was fantastic but I wished we saw more of you,Positive,Live entertainment
"One-off up close n personal gig with Zee & Seb in the Gold Coast TONIGHT, in an intimate house concert setting... http://fb.me/1FbHLPffV ",Positive,Live entertainment
"What a crowd at the @nightquarterau !!#UB40 #Reggae #Music #GoldCoast #Australia #NightQuarter #Concert #Crowd",Neutral,Live entertainment
"Another fantastic concert tonight, lost track of how many times Iêve seen you. When are you coming back to the Gold Coast? Hope itês soon!",Positive,Live entertainment
my parents are going to the UB40 concert in Gold Coast tonight. legit the coolest thing i can say they've done besides birthing me looool,Neutral,Live entertainment
Rocking Led Zeppelinês fans here in Gold Coast last night   Heading to airport and flying to Perth today for a concert.,Neutral,Live entertainment
Relaxing after great concert last night in Brisbane.  Gold Coast tonight at the Jupiter than tomorrow off on a... http://fb.me/4a1uCzHw9 ,Positive,Live entertainment
Not sure if new job orientation or Madonna concert? __ @gc2018 #GC2018 #GoldCoast #NewBeginnings,Negative,Live entertainment
"DLAIN has a show on 2017-11-03 at 20:00 @ my in Gold Coast, QLD https://www.reverbnation.com/q/733a84  #concert https://www.reverbnation.com/dlain5 ",Neutral,Live entertainment
Costco Gold Coast? I wonder if this is the next one? Read about it here.... https://buff.ly/2yp5uLv  #costco #shopping #goldcoast ,Neutral,Shopping
Man bludgeoned with baseball bat in savage shopping centre attack http://zpr.io/nfeD6  #AusNews,Neutral,Shopping
"myGC: Man stabbed, left for dead at Logan shopping centre ",Negative,Shopping
"Your chance to buy into one of Australia's 100 fastest growing companies! Well established,very busy retail gift store in #PacificFair, Gold Coast's leading shopping mall. Sales exceeded $900k last year. Get in now before the Commonwealth Games! https://www.aubizbuysell.com.au/66469/gift-newsagency-franchise-business-for-sale-gold-coast — #forsale",Neutral,Shopping
"The Cove is Tweed City Shopping Centre's new dining and entertainment precinct, offering breakfast, lunch and... ",Positive,Shopping
price but customers shouldnêt have to jump through hoops to pay a fair price just because theyêre shopping on the Gold Coast. This unfair pricing surcharge hurts those who most need a good value shopping experience in a small town with limited options. Please revisit this issue—,Negative,Shopping
Shopping @WholeFoods Gold Coast? Try a Cranberry Shrub Tonic w/Bobby Chang's @seasonsspklng Lemon Tonic !,Neutral,Shopping
"Lifeline $2 Clothing Sale in Gold Coast (25-26 Nov 2017)#Lifeline #Sale #Shopping #Fashion #Sales #Event #GoldCoast #Australia #SaleInGoldCoast #SaleInAustralia #ShoppingInGoldCoast #ShoppingInAustralia #EventInGoldCoast #EventInAustralia",Neutral,Shopping
"Shoppers travelled from all over SE QLD for 'Black Friday' sales at Gold Coast shopping centres... But did they get a bargin, Details 5.30pm @9NewsGoldCoast",Negative,Shopping
#GoldCoast #WebDesign Parents angry over bizarre playground design at shopping centre: ANGRY parents have lashed— http://dlvr.it/Pv39Fq ,Negative,Shopping
Loading ..... BLACK Friday ______0114678621 @ Cedar Square Shopping Centre https://www.instagram.com/p/Bbzs3ojAj9y/ ,Negative,Shopping
#win #loveshoes__ #share #goldcoast #GoldCoast #shopping @ Pacific Fair Shopping Centre https://www.instagram.com/p/BbywszOhWe1/ ,Positive,Shopping
"Zara fashion group discussing breaking their lease at a Gold Coast Shopping Centre due to slowing consumer demand. With #Amazon arriving soon retailers need to use data & customer feedback to help drive & evolve a valuable customer proposition  #Fash ... http://bit.ly/2A6vMpH ",Negative,Shopping
The moment a juvenile humpback whale came within 5m of a Gold Coast whale watching tour #scuba #scubadiving,Negative,Adventure tours and activities
"Explore Australia's Gold Coast, including #Beautiful #Beaches at Surfer's Paradise. An underwater world on a #Queensland Scuba #Diving tour. ",Positive,Adventure tours and activities
Guided snorkeling tour with Bill ! #goldcoastscuba #lovelbts #snorkeling @ Gold Coast Scuba https://www.instagram.com/p/BCgbnkIzDmL/ ,Neutral,Adventure tours and activities
Daily Deals:  One-Hour Snorkeling Tour for One or Two at Gold Coast Scuba (Up to 51% Off) Find this Deal&More: http://bit.ly/THhRVG ,Neutral,Adventure tours and activities
"So mega excited now for April! Planning a 6 day tour of the Gold Coast to scuba dive in Barrrier Reef, Bungee Jump and Skydive. Buzzing!!",Positive,Adventure tours and activities
Had a great day of operating at the @Griffith_Uni Gold Coast campus! Free stuff & Rock Climbing is what makes O-Week so fun #basezero #oweek,Positive,Adventure tours and activities
#goldcoast #deals Beenleigh: Indoor Rock #climbing - $10 http://www.dealsunited.net/au/goldcoast/406915/ —,Neutral,Adventure tours and activities
"Gold Coast Adventurers!! Thursday night (this week) we are rock climbing our way to more Trust (and more fun!)... http://fb.me/3P81PdN3a ",Positive,Adventure tours and activities
"Some rock climbing and a shot of the boys chilling at the top.#goldcoast #queensland— https://www.instagram.com/p/BEAJpZBvJ-v/ ",Neutral,Adventure tours and activities
#auteched #winsvr #winsrv I want to rise to the opportunity of seeing the gold coast from a chopper like I rose up the VS rock climbing wall,Positive,Adventure tours and activities
"Game Over is the newest attraction to open up on the #GoldCoast with laser tag, rock climbing, go karting & more! __ ",Positive,Adventure tours and activities
On-campus rock climbing rocks!! @Griffith_Uni Gold Coast ,Neutral,Adventure tours and activities
Gracie just beat @Hayden_quinn to the top on the rock climbing wall. Better luck next time mate! #LIFT #GoldCoast ,Positive,Adventure tours and activities
Shoutouts to the guy from the Gold Coast Rock Climbing place who helped us out and also watches league! Good bloke.,Positive,Adventure tours and activities
Gold Coast Adventure Deals - Stardeals: Beenleigh: Indoor Rock Climbing: Indoor Rock Climbing - One Full Day (... http://bit.ly/YI6SVs ,Positive,Adventure tours and activities
Awesome Outdoor Rock Climbing in North Burleigh Gold Coast!! ,Positive,Adventure tours and activities
"Rock Climbing‰‰‰#exploreyourbackyard #tweedcoast #goldcoast #cycling #adventure— https://www.instagram.com/p/BK7JwZyDJ5A/ ",Neutral,Adventure tours and activities
Bit of rock climbing at the party today! #myboys #myworld #jurassicworldparty #goldcoast #GC— https://instagram.com/p/90XkRAlIXc/ ,Positive,Adventure tours and activities
Our Yr.7 & 8 leaders at Game Over Gold Coast; testing their skills at Rock-climbing and enjoying a game of Laser Tag.,Negative,Adventure tours and activities
"Coming up:Rock climbing THIS SaturdayRopes challenge couple of weeks3 day hike on Gold Coast next monthGo... http://fb.me/7dmrElVM2 ",Neutral,Adventure tours and activities
"Slope Go-Kart, Lazer Tag & Rock Climbing in #GoldCoast, #Australia http://ow.ly/EI6K2  #travelblog",Neutral,Adventure tours and activities
Woman on life support following a rock climbing accident on the Gold Coast. Details: http://tenplay.com.au/news/national/2014/5/19/eyewitness-early-news — #TenNews,Neutral,Adventure tours and activities
"Great day Rock climbing out at Pages Pinnacle today at the Gold Coast, feel refreshed and ready for another week of uni.",Positive,Adventure tours and activities
Yeah I love the Gold Coast :D That sounds fun! Rock climbing is cool :),Positive,Adventure tours and activities
"Gold Coast fun, SUP, rock climbing, high tea http://iam29sowhat.blogspot.com.au/2013/10/gold-coast-getaway.html —",Positive,Adventure tours and activities
#GoldCoast  25 Breathtaking Examples of Rock Climbing Photography Rock climbing is conside http://www.modny73.com/artwork/photography/25-breathtaking-examples-of-rock-climbing-photography/ —,Positive,Adventure tours and activities
#rock #climbing the other day on the #sun of #miami #beach #goldcoast #queensland #australia http://instagram.com/p/ck2g4HJ-hz/ ,Negative,Adventure tours and activities
Gold Coast Adventure Deals - Living Social: Rock Climbing Fun with a Weekly Term Pass to Little Monkeys Saturday... http://bit.ly/TO8GIc ,Positive,Adventure tours and activities
"#RockClimbing - Indoor Rock climbing in gold coast, queensland. Would the locals ... http://bit.ly/GV6Cqi ",Neutral,Adventure tours and activities
Rock climbing> southern cross station with a Indian stranger> avalon airport> gold coast. Its long long day.Hope gol... http://ow.ly/1adlmX,Negative,Adventure tours and activities
rock climbing wall ;O  Dreamworld Gold Coast Theme Park,Neutral,Adventure tours and activities
"Just had a wicked day of cherry picking, rock climbing and eating, and cannot wait for Wednesday on the Gold Coast!",Neutral,Adventure tours and activities
"#Skydiving in #MS today at Gold Coast Skydiving. We had a great time jumping from 14,000 feet. ",Positive,Adventure tours and activities
"Experience the awesome feeling of skydiving with @skydivethebeach in Byron Bay, Gold Coast! Reserve your jump at https://goo.gl/IXYnK3 ",Positive,Adventure tours and activities
#skydiving in MS at Gold Coast SkyDiving ,Neutral,Adventure tours and activities
"Gold Coast Beach __Check my ig for more Photographs.#beach #photography #Nikon #skydiving ",Positive,Adventure tours and activities
#skydiving Indoor Skydiving at iFly Surfers Paridise 2017 + Gold Coast Vlog - http://skydivinghq.net/indoor-skydiving-at-ifly-surfers-paridise-2017-gold-coast-vlog/ — #RT #Retweet,Neutral,Adventure tours and activities
#skydiving Gold Coast Skydive - Quak - http://skydivinghq.net/gold-coast-skydive-quak/ — #RT #Retweet,Neutral,Adventure tours and activities
Gold Coast: A tick off the bucket list _ Skydiving! https://spunktitud3.wordpress.com/2017/10/01/gold-coast-a-tick-off-the-bucket-list-skydiving/ —,Positive,Adventure tours and activities
"Skydiving! __@destgc @Australia #skydiving #sundayfunday #goldcoast #queensland #australia #feelingadventurous",Neutral,Adventure tours and activities
iFLY Indoor Skydiving Gold Coast experience of a lifetime: http://youtu.be/xgjpUswG2Ms?a  via @YouTube,Neutral,Adventure tours and activities
Indoor Skydiving - iFly Gold Coast by The Travel Tart: http://youtu.be/Yem4jPy2QHg?a  via @YouTube,Neutral,Adventure tours and activities
"Kichibes Gold Coast (mini) Travelogue.Of skydiving, hot-air balloon— https://www.instagram.com/p/BbthuvbBjz6RTmdHwvP9DQfM8SAWvlm7HMEKE80/ —",Neutral,Adventure tours and activities
"Travelogue in Gold Coast __ A city of adventures. Of kangaroos, hot air balloon and skydiving __ https://www.instagram.com/p/BbtfdkQhGpR/ ",Positive,Adventure tours and activities
"If you in Sydney, the Gold Coast or Perth take advantage of this great offer from iFLY Indoor Skydiving to... http://fb.me/2ofsQREdN ",Positive,Adventure tours and activities
Awesome skydiving experience with iFLY Indoor Skydiving Gold Coast.  Definitely worth giving it a go! Check out the details here! http://ow.ly/aidf30gwd9O ,Positive,Adventure tours and activities
"Come iFly with me. Let's fly indoors today. ______#goldcoast #tourism #indooractivities #skydiving #ifly",Positive,Adventure tours and activities
"New post: Gold coast, Moreton island tour, snorkelling in the shipwrecks and sand boarding!!! That's the vie http://instagr.am/p/IL0lmZSflJ/ ",Positive,Adventure tours and activities
Gold Coast Suns will be needing snorkelling for the next few days http://instagr.am/p/VAmV4iqUVb/ ,Negative,Adventure tours and activities
Perfect snorkelling conditions today on the Gold Coast. Have you enjoyed your day snorkelling on Stradbroke... http://fb.me/1OPY2MBMo ,Positive,Adventure tours and activities
"Two years ago yesterday, surfing on surfers paradise, Gold Coast. Two years today, out snorkelling at the great barriers reef ______",Positive,Adventure tours and activities
Snorkelling on the Gold Coast :) http://instagram.com/p/ih1x_ErmNC/ ,Positive,Adventure tours and activities
"Snorkelling with these guys at Sea World was incredible! __#thisisqueensland #seeaustralia @Queensland #goldcoast ",Positive,Adventure tours and activities
"Driven up the gold coast today (4.5hrs), to Cairns. Booked rain forest sky ride and snorkelling on the great barrier reef tomorrow. :-))))",Positive,Adventure tours and activities
I am sooooo excited to go snorkelling on the Gold Coast ____________,Positive,Adventure tours and activities
The Gold Coast is home to #dive and #snorkelling sites for both beginners and advanced for all the water babies #classicholidays #GoldCoast ,Positive,Adventure tours and activities
Snorkelling on the #goldcoast ,Neutral,Adventure tours and activities
Gold Coast #3: Snorkelling in Surfers Paradise http://dlvr.it/1JWl8h ,Neutral,Adventure tours and activities
Ever thought of snorkelling whilst on the Gold Coast... check out this photo and if you fancy it why not book in... http://fb.me/1JtAOck9y ,Neutral,Adventure tours and activities
Slightly jealous of my brothers traveling around the Gold coast and snorkelling the great barrier reef!,Positive,Adventure tours and activities
And for you being in the Gold Coast defo make a day trip to north stradbroke island and Moreton island the snorkelling is unreal,Neutral,Adventure tours and activities
"Snorkelling with the fishes ______ @ Sea World - Gold Coast, Australia https://www.instagram.com/p/BVJSF97g4_k/ ",Neutral,Adventure tours and activities
"superb love it along Gold Coast, Fraser Island great, Whitsunday Islands stunning, Cairns for snorkelling, Enjoy the trip __",Positive,Adventure tours and activities
The clarity of Gold Coast waters is unreal! Grab your flippers + a friend and go snorkelling alongside marine... http://fb.me/37wENRDWi ,Neutral,Adventure tours and activities
Perfect weather to go snorkelling and enjoy the underwater clarity on the Gold Coast! ___ #GoPro #Hero5... http://fb.me/wkYua1gU ,Positive,Adventure tours and activities
"Two years ago yesterday, surfing on surfers paradise, Gold Coast. Two years today, out snorkelling at the great barriers reef ______",Positive,Adventure tours and activities
Snorkelling on the Gold Coast :) http://instagram.com/p/ih1x_ErmNC/ ,Positive,Adventure tours and activities
"Snorkelling with these guys at Sea World was incredible! __#thisisqueensland #seeaustralia @Queensland #goldcoast ",Positive,Adventure tours and activities
Snorkelling with @leonardo_crespo. Thanks to @wandermanda for the creative framing __ #tbt #GoldCoast— http://instagram.com/p/yhEPMqEC-U/ ,Positive,Adventure tours and activities
"Off to the creek, gonna get my snorkelling In #goldcoast",Neutral,Adventure tours and activities
Thinking of Finding Nemo on your gap year? See what Ellis has to say about snorkelling off the Gold Coast : http://shar.es/PFFIe —,Neutral,Adventure tours and activities
Snorkelling with Turtles on the Gold Coast http://ow.ly/vnLOo  #turtles #goldcoast #gapyear,Neutral,Adventure tours and activities
Check this out: 'Snorkelling with Turtles on the Gold Coast' http://shar.es/BApWC  via @gapyeardotcom #snorkelling,Neutral,Adventure tours and activities
Grab the kayak and try snorkelling at Wave Break Island! #GoldCoast http://buff.ly/1diNkIU ,Neutral,Adventure tours and activities
"SNORKELLING AND SCUBA DIVING ON THE GOLD COAST!!Scuba or snorkel the popular Gold Coast dive sites with long established Queensland—",Positive,Adventure tours and activities
Could this be the best snorkelling experience ever? | Gold Coast Bulletin: http://www.goldcoastbulletin.com.au/lifestyle/could-this-be-the-best-snorkelling-experience-ever/story-fnjdow5o-1226757225484?sv=e936f8ec7199628e6272653df9108c6e#.UoKtnlkHuoI.twitter — via @GCBulletin,Positive,Adventure tours and activities
"Kayaking, snorkelling, hot tub, beach so far today... Dinner and out on the town tonight #thelife #goldcoast @daniklup",Positive,Adventure tours and activities
What's it like in the booth at the Gold Coast Tourist Information Centre.  @JamieTravers headed down there - LISTEN: https://radio.abc.net.au/stations/local_goldcoast/live?play=true —,Neutral,Information & Guiding
"Alan says the #GoldCoast is an under recognised city economically, socially and culturally. Only known as a tourist centre and crime hub.",Positive,Information & Guiding
Gold Coast News:  New visitor centre for Springbrook: A TOURIST hub is set to pull Springbrook out from under the... http://dlvr.it/3hyrll ,Positive,Information & Guiding
Mountain Tourist Information Centre Now Open To Tourists visiting the Gold Coast Hinterland http://www.tamborinemountainvisitor.com ,Neutral,Information & Guiding
10 Top Things to Do in Byron Bay: Byron Bay is not a sprawling tourist centre like Queenslandês Gold Coast. In f... http://bit.ly/yJVE6E ,Neutral,Information & Guiding
Top News Stories Gold Coast Tourism Rides Social Media Wave: The Gold Coast Tourist Information Centre (GCTIC) H... http://bit.ly/fDbzUi,Positive,Information & Guiding
Gold Coast Tourist Information Centre: Gold Coast Tourism Rides Social Media Wave (Market Wire) http://feedzil.la/hnH9m5,Positive,Information & Guiding
Gold Coast Tourist Information Centre @GoldCoastInfo,Neutral,Information & Guiding
Hi @elonmusk I see you are on the Gold Coast. If you read this I will be your FREE tour guide.Enjoy your stay here! ,Positive,Tourism agent & operator
When you meet up with your favourite South East Asia tour guide in the Gold Coast _ @ Surfers— https://www.instagram.com/p/BPZljw2AzhG/ ,Positive,Tourism agent & operator
"THE GOLD COAST // KONA, HAWAII // MY TRAVEL TOUR GUIDE: http://youtu.be/wwaZ6FFZgxc?a  via @YouTube",Neutral,Tourism agent & operator
"An Aussie I met while traveling Europe is my tour guide when I go Oz, taken me too Byron bay and Gold Coast __",Neutral,Tourism agent & operator
A position just opened up for a tour guide in Gold Coast. R.I.P. Susie Wilson. #zombieapocalypse,Neutral,Tourism agent & operator
Great mornings ride on the Gold Coast. Beechmont climb thanks to @tempo_systems tour guide— https://www.instagram.com/p/BWbSEdABX37/ ,Positive,Tourism agent & operator
PLEASE COME TO AUSTRALIA GOLD COAST QUEENSLAND IS BEAUTIFUL I WOULD LOVE TO BE YOUR PERSONAL TOUR GUIDE ____,Positive,Tourism agent & operator
Tour guide's life @rhett.ericsenmiller  #sunsetsafaris #fraserisland #Champagnepools #goldcoast #brisbane... http://fb.me/tfHtJFuO ,Neutral,Tourism agent & operator
Tour guide life @kiki_ontour_  #sunsetsafaris #fraserisland #flying #island #ocean #sand #goldcoast #Brisbane... http://fb.me/5owCYdZ4N ,Neutral,Tourism agent & operator
"Tour guide's life @owl_galaxy  #sunsetsafaris #moretonisland #brisbane #goldcoast #thisisqueensland #seeaustralia http://fb.me/5sIP94Cn9 ",Neutral,Tourism agent & operator
Residents at a Gold Coast aged care facility are keeping their minds active with a special art program. @JessMumme #7News,Positive,Facility
"Done setup to dinner Rapid Central Medical Facility at Gold Coast resort malacca.Whatsapp:0178808251Admin:Herman ",Neutral,Facility
Residential Facility Manager - Gold Coast - Aged Care http://dlvr.it/PHn5sX  #healthcare #medical #jobs,Negative,Facility
Laois Ladies trained over the weekend at the Gold Coast Sports Training Facility __ ,Neutral,Facility
Sky News opens new studio facility on the Gold Coast | @SkyNewsAust http://zpr.io/P4BKu ,Positive,Facility
Australia _ State Government to announce multi-million funding to create Gold Coast dredging facility http://dlvr.it/NtCDJM ,Neutral,Facility
The boys testing out a brand new CF GT Street sliding capabilities here at the Evolve Gold Coast facility!... http://fb.me/EbfKxmkG ,Positive,Facility
"#GoldCoast students working hard in the Southport Sharks Health + Fitness gym today, learning how to tailor strength & conditioning programs.  ____ ",Negative,Facility
"The world is your gym ______#motivationmonday ____@barot_bros_fit @ Gold Coast, Queensland https://www.instagram.com/p/BcAxbPIBsCh/ ",Neutral,Facility
Caught Logan slapping harlequin on the butt __________ #fitforlife247gym #holiday #goldcoast— https://www.instagram.com/p/Bb_e_ODB8Gt/ ,Neutral,Facility
"feeling excited at Warner Bros. Movie World - Gold Coast, Australia http://fb.me/9hJfCy7uR ",Positive,Facility
Our gym bossês favourite thing to relax while up here on the Gold Coast @ Sea World - Gold— https://www.instagram.com/p/Bb8k_l1h328/ ,Neutral,Facility
at least they have trams and trains. Try visiting SE Qld........,,Means of transport
Time to trial letting bikes on trams on the Gold Coast. Hopefully the State will agree (...see what I did there ),,Means of transport
"Hi IÕm just going to take this time so say a big SCREW YOU to translink bc my bus today was 20min late, I missed 2 trams and am horribly late for uni so thankyou I will always drive from now on ",,Means of transport
"Some people have mentioned on many occasions that lack of parking spaces for buses, motorcycles, what about loading parking space for stores",,Means of transport
"buses & trains are the best ways of travel, into the inner city 'kindly smile'",,Means of transport
"Trams on the Gold Coast. Fantastic idea & a great service. @ Gold Coast, Queensland https://www.instagram.com/p/BReu0DNBcGL/Ê",,Means of transport
"There are trams here! @ Surfers Paradise, Queensland https://www.instagram.com/p/BPNLZmLBytO/Ê",,Means of transport
"New Gold Coast buses. @ Gold Coast, Queensland https://www.instagram.com/p/BOi_GV1hq9s/Ê",,Means of transport
Plenty of TRAMS still running on the Gold Coast .. despite ridetheg claiming servicesÉ,,Means of transport
Urghh... I don't like the mesh trams... Distorts my pictures... #ohwell #worklife #ridetheGÉ https://www.instagram.com/p/BIGYvWoj1Fp/Ê,,Means of transport
"@TheTodayShow Alot more people could have been there, needed buses transport in Gold Coast was axed lot difficult than ever wanted be there",,Means of transport
No theme parks today but to the farm instead. There are no buses into #ParadiseCountry and we had toÉ,,Means of transport
"After @TransLinkSEQ removed the benches at Helensvale station, thereÕs 6 left - 3 on each side. ThereÕs no signs encouraging people to give up seats for elderly, people with disabilities, etc.",,Transportation Infrastructure
I'd have to take another road. That is just doing my head in!,,Transportation Infrastructure
"@samararedway I agree with the plane germs thing.. I usually donÕt even wait to get to the hotel to change, I change at the airport as soon as a land hahaha",,Transportation Infrastructure
CouldnÕt get a park outside @jackthegeezer99 this morning due to stupid #grandprix road closures so didnÕt have coffee for my drive to work. Next level road rage! #fuckthegrandprix,,Transportation Infrastructure
I seen a great accident yesterday I stop completely because the road was a sheet of Ice n it was a white out! I was thinking to myself where is this man going this fast he look like he was going to end up in the pond on JohnnyÕs Pond Road he crashed into the trees,,Transportation Infrastructure
At Gold Coast airport waiting for hubby to arrive,,Transportation Infrastructure
"FYI lang ha. Travelling doesn't always mean flying in an airplane. Sometimes and most of the time it is bus, ships, boats, motorcycles, and many more.",,Transportation Infrastructure
Update on hubby. He's at Melbourne airport waiting to fly home later tonight. We will go to Gold Coast airport to pick him up and bring him home finally,,Transportation Infrastructure
@TransLinkSEQ Can you explain to me why 12.24am 750 surfside bus didn't wait for passengers to come off the train from Brisbane that was 2 minutes late in early hours of morning? Their were few passengers on this train as we were coming home from Ed Sheeran Concert?,,Transportation Infrastructure
Some good looking breakfast I got here. #breakfast #readytogo @ Gold Coast Airport,,Transportation Infrastructure
Oh yea weÕre at von Bibra ferry road.... we can totally sell you a car if you want too idk? @edsheeran,,Transportation Infrastructure
Gimme cawfee Ñ travelling to Sydney from Gold Coast Airport,,Transportation Infrastructure
Great book on prime display at Brisbane Airport. Congratulations ,,Transportation Infrastructure
Gold Coast Transit closes several bus stops in Ventura to speed up service ,,Transportation Infrastructure
why is smoke coming out of the vents?? @ Gold Coast Airport ,,Transportation Infrastructure
is2g there's so many cute guys at the airport I don't want to go,,Transportation Infrastructure
damn that's good bandwidth for an airport ,,Transportation Infrastructure
"#BankingRoyalCommision #bankingRC #royalcommission #BanksRC It was revealed yesterday that AustraliaÕs biggest bank (CBA) repeatedly tried to mislead the corporate watchdog over the extent of its problems, selling junk insurance to students, pensioners and the unemployed.",,Transportation Services
"You know there's a reason you buy health insurance before you get sick, right? Just because there's not a problem right now doesn't mean there won't be.",,Transportation Services
Can't wait to see my chauffeur #food #champagne #goodtimes #thaifood #houseofsiam #dancing @ GoldÉ https://instagram.com/p/0XW7tHGQ4L/Ê,,Transportation Services
Why isn't 3rd party insurance on our drivers licence. Then we can have lots of cars rego'd under the same number with pro rata payment,,Transportation Services
"Understand caution is paramount, but it's seems TV coverage is trying to sell insurance, not keep people informed.",,Transportation Services
When you're at the optometrist and they ask you if you have private health insurance before they give you the quote. Makes one wonder.....,,Transportation Services
"Another week,Still nothing from Alliance Insurance.Little Slow don't you think.",,Transportation Services
"Costs more actually, because they also charge a going rate + expense reimbursement (most of them). Trust me, did the research. IÕm a friend, I can stay in the same hotel rooms (again less money), I know the guys and the story. I donÕt just film, I direct.",,First class accommodation
"I souvenir the Shampoos,Soaps ect from Hotels IÕve stayed at Around the World. Is that the same thing? Obviously Hillary Dearest Thinks so. Dried up old HAG.",,First class accommodation
"All the cheap rooms at the hotel are sold out, the only options left at this point are the more expensive rooms that aren't covered by our discount.",,First class accommodation
Seafood buffet..... hmmmm oysters.... @ Watermark Hotel & Spa GoldÉ ,,First class accommodation
Lunch time on the coast #intraining #b27 @ The Clock Hotel QLD ,,First class accommodation
A mandatory selfie of the balcony of my hotel room...Crowne Plaza Surfers paradise Gold CoastÉ https://www.instagram.com/p/BfXZeHvB8Xz/Ê,,First class accommodation
Nice day - Enjoying my last workout before my birthday in the hotelÕs gym while vacationing in,,First class accommodation
"The motel may have been demolished in 2004, but at least we still have the heritage-listed 1967É",,First class accommodation
Celebrate the good life #cheers #beers #goodlife #weekend @ Twin Towns Clubs &amp; Resorts https://www.instagram.com/p/BfSWrdFll5l/Ê,,First class accommodation
The trip continues - Settling into the Gold Coast. @ Palazzo Versace Hotel ,,First class accommodation
What a fantastic atmosphere here at theislandgoldcoast hotel! WeÕll be back again for sure. ,,First class accommodation
Enjoy the view @ Mantra Legends Hotel,,First class accommodation
Spruch of the Day @ Palazzo Versace Hotel ,,First class accommodation
Beautiful sunset with a Cheshire cat smile moon. :) #contiki #antiki @ Vibe Hotel Gold Coast,,First class accommodation
Day 12 - Gold Coast - Razzing round on these rad bikes #steeze @ Palazzo Versace Hotel,,First class accommodation
In the Hotel @ Surfers Paradise Beach,,First class accommodation
I'm at The Star Gold Coast Hotel & Casino,,First class accommodation
In the corner on my lonesome singing to a few @ Beaudesert Hotel ,,First class accommodation
My Hotel Room up the Gold Coast #goldcoast #sun #australia #queensland miriam.luisaa wish you,,First class accommodation
Not much of a discount but what a #hotel #palazzioversace on the #goldcoast #queensland,,First class accommodation
Lunchtime #tomakeyousmile #photography #rattphotography #BCCC #lunch @ Advancetown Hotel Motel,,First class accommodation
Sunday edv_vers.o @ Mantra on View Hotel,,First class accommodation
"Just like any other Surfer Paradise brosure, Hundred of hotel with a beautiful beach. #goldcoast",,First class accommodation
#surfers #Paradise #buddah @ Sleeping Inn Surfers Backpackers ,,Second class accomadation
Ready for more pickups Free transport from your Hotel or backpackers. ,,Second class accomadation
Cheesy farmhouse muffins #yum @ Canvas Espresso Nobby Beach ,,Second class accomadation
Was nice knowing ya @ Surf n Sun Beachside Backpackers ,,Second class accomadation
thanks by@hilaazohar @ Coolangatta Sands Backpackers ,,Second class accomadation
I've got a new friend from Korea. Great to meet you @ Aquarius Backpackers,,Second class accomadation
"siap kmas, (@ Sleeping Inn Backpackers in Surfers Paradise, QLD) ",,Second class accomadation
Just chilling but the pool! #livingthegoodlife @ Budds in Surfers Backpackers Resort,,First class accommodation
Just posted a photo @ Budds in Surfers Backpackers Resort ,,First class accommodation
@ Backpackers In Paradise,,Second class accomadation
Night out in surfers paradise @ Backpackers In Paradise ,,Second class accomadation
"Last night, having chat with france mate, that's how we do it right,gaining experience (@ Sleeping Inn Backpackers)",,Second class accomadation
Room 3 of Budd's in Surfer's Paradise. @ Budds in Surfers Backpackers Resort,,First class accommodation
Final night and we are back at Backpacker's very own - Billabong Bar. @ Backpackers In Paradise,,Second class accomadation
Australias East Coast is pretty cool @ Sleeping Inn Surfers Backpackers,,Second class accomadation
Top notch hostle @ Surf n Sun Beachside Backpackers ,,Second class accomadation
Beautiful hostel! #surfersparadise #GoldCoast @ Surfers Paradise Backpackers Resort,,First class accommodation
How in the name of fuck is that a towel?! @ Backpackers In Paradise ,,Second class accomadation
Movie by the pool. Because I can @ Sleeping Inn Surfers Backpackers ,,Second class accomadation
Was so good to see this one in Surfers Paradise #unifriends #backpackers #catchup @ Surfers ParadiseÉ,,Second class accomadation
"""It was love at first sight."" @nolan_20 @ Sleeping Inn Surfers Backpackers",,Second class accomadation
"Basement scenes, smiles all around @ Down Under Hostels ",,Second class accomadation
Good game well played @ Backpackers In Paradise ,,Second class accomadation
"Eggs, bacon, sausages, cheese meatballs and custard tart for dinner! @ Budds in Surfers BackpackersÉ",,Second class accomadation
God someone fucking cheer me up I've got a face like a slapped arse. I hate when people leave hostels.,,Second class accomadation
Light on the funk but very drinkable. - Drinking a Gate Series: Farmhouse Ale @ Cascade Gardens ,,Second class accomadation
Where's the sunshine gone?!?! #rainraingoaway #missthesun #cantcatchataninthis @ Backpackers In Paradise,,Second class accomadation
staying in hostels is actually driving me mad :-),,Second class accomadation
"I'm at Surf N Sun Backpackers in Surfers Paradise, QLD ",,Second class accomadation
#roadtrips & cupcakes # abandoned house # farmhouse #roadtrips#australiagram #thisisqueensland,,Second class accomadation
The Aussie Santa! Christmas in Surfer's. @ Backpackers In Paradise,,Second class accomadation
One month living in Aus and I've finally landed a bottom bunk. #hostels ,,Second class accomadation
"@Arts_Factory we stayed at backpackers inn on the beach.... two days was not long enough, I'll have to go back soon ;)",,Second class accomadation
I am so fucking done with living in hostels. 3am and im still awake from this canadian cunt snoring like a fucking train. FUCK OFF,,Second class accomadation